{
    "total_runtime": 11587.694229364395,
    "num_documents": 645,
    "input_load_time": 0,
    "workflows": {
        "create_base_text_units": {
            "overall": 0.7739920616149902,
            "0_orderby": 0.0029997825622558594,
            "1_zip": 0.0025038719177246094,
            "2_aggregate_override": 0.009007453918457031,
            "3_chunk": 0.635490894317627,
            "4_select": 0.0029997825622558594,
            "5_unroll": 0.004502534866333008,
            "6_rename": 0.0036127567291259766,
            "7_genid": 0.05650067329406738,
            "8_unzip": 0.004662036895751953,
            "9_copy": 0.0036203861236572266,
            "10_filter": 0.04709148406982422
        },
        "create_base_extracted_entities": {
            "overall": 951.0798304080963,
            "0_entity_extract": 948.8491261005402,
            "1_snapshot": 0.25510239601135254,
            "2_merge_graphs": 1.9560861587524414,
            "3_snapshot_rows": 0.016515731811523438
        },
        "create_summarized_entities": {
            "overall": 279.2877297401428,
            "0_summarize_descriptions": 279.2287781238556,
            "1_snapshot_rows": 0.05344891548156738
        },
        "create_base_entity_graph": {
            "overall": 8.197850704193115,
            "0_cluster_graph": 8.013659954071045,
            "1_snapshot_rows": 0.07506918907165527,
            "2_snapshot_rows": 0.09710168838500977,
            "3_select": 0.0075147151947021484
        },
        "create_final_entities": {
            "overall": 165.46950030326843,
            "0_unpack_graph": 3.2795028686523438,
            "1_rename": 0.011012077331542969,
            "2_select": 0.017883777618408203,
            "3_dedupe": 0.015513181686401367,
            "4_rename": 0.009030580520629883,
            "5_filter": 0.31606459617614746,
            "6_text_split": 0.14466524124145508,
            "7_drop": 0.010008811950683594,
            "8_merge": 1.3149549961090088,
            "9_text_embed": 160.18675708770752,
            "10_drop": 0.014011859893798828,
            "11_filter": 0.14359307289123535
        },
        "create_final_nodes": {
            "overall": 22.24487543106079,
            "0_layout_graph": 12.345532178878784,
            "1_unpack_graph": 4.309482097625732,
            "2_unpack_graph": 4.79182767868042,
            "3_drop": 0.017835617065429688,
            "4_filter": 0.4953610897064209,
            "5_select": 0.013885498046875,
            "6_snapshot": 0.024045944213867188,
            "7_rename": 0.02900099754333496,
            "8_convert": 0.06550765037536621,
            "9_join": 0.09833359718322754,
            "10_rename": 0.03704071044921875
        },
        "create_final_communities": {
            "overall": 16.845293283462524,
            "0_unpack_graph": 3.6776392459869385,
            "1_unpack_graph": 4.185658693313599,
            "2_aggregate_override": 0.05234169960021973,
            "3_join": 0.3033134937286377,
            "4_join": 0.34830760955810547,
            "5_concat": 0.0537877082824707,
            "6_filter": 7.2701416015625,
            "7_aggregate_override": 0.3807845115661621,
            "8_join": 0.030576229095458984,
            "9_filter": 0.10001111030578613,
            "10_fill": 0.026516437530517578,
            "11_merge": 0.33994460105895996,
            "12_copy": 0.025059223175048828,
            "13_select": 0.027512550354003906
        },
        "join_text_units_to_entity_ids": {
            "overall": 0.2489330768585205,
            "0_select": 0.02543926239013672,
            "1_unroll": 0.02176833152770996,
            "2_aggregate_override": 0.17520380020141602
        },
        "create_final_relationships": {
            "overall": 5.637382507324219,
            "0_unpack_graph": 3.940985918045044,
            "1_filter": 0.879021167755127,
            "2_rename": 0.03202366828918457,
            "3_filter": 0.6186866760253906,
            "4_drop": 0.019517183303833008,
            "5_compute_edge_combined_degree": 0.03416705131530762,
            "6_convert": 0.051001548767089844,
            "7_convert": 0.033797264099121094
        },
        "join_text_units_to_relationship_ids": {
            "overall": 0.2701566219329834,
            "0_select": 0.029020071029663086,
            "1_unroll": 0.03101801872253418,
            "2_aggregate_override": 0.16156864166259766,
            "3_select": 0.021532535552978516
        },
        "create_final_community_reports": {
            "overall": 10131.086721658707,
            "0_prepare_community_reports_nodes": 0.5159754753112793,
            "1_prepare_community_reports_edges": 0.2187361717224121,
            "2_restore_community_hierarchy": 0.3719804286956787,
            "3_prepare_community_reports": 4.886856317520142,
            "4_create_community_reports": 10125.02411365509,
            "5_window": 0.029592037200927734
        },
        "create_final_text_units": {
            "overall": 0.2612590789794922,
            "0_select": 0.0280153751373291,
            "1_rename": 0.029112577438354492,
            "2_join": 0.062369585037231445,
            "3_join": 0.04609870910644531,
            "4_aggregate_override": 0.033748626708984375,
            "5_select": 0.029192686080932617
        },
        "create_base_documents": {
            "overall": 0.37480759620666504,
            "0_unroll": 0.04101824760437012,
            "1_select": 0.036238670349121094,
            "2_rename": 0.03411746025085449,
            "3_join": 0.0370941162109375,
            "4_aggregate_override": 0.043573856353759766,
            "5_join": 0.03602313995361328,
            "6_rename": 0.029143333435058594,
            "7_convert": 0.0840749740600586
        },
        "create_final_documents": {
            "overall": 0.051366567611694336,
            "0_rename": 0.024561405181884766
        }
    }
}