{
    "total_runtime": 49.03039336204529,
    "num_documents": 4,
    "input_load_time": 0,
    "workflows": {
        "create_base_text_units": {
            "overall": 0.22530174255371094,
            "0_orderby": 0.0030002593994140625,
            "1_zip": 0.002000093460083008,
            "2_aggregate_override": 0.003999948501586914,
            "3_chunk": 0.18483924865722656,
            "4_select": 0.0029599666595458984,
            "5_unroll": 0.004000425338745117,
            "6_rename": 0.0029997825622558594,
            "7_genid": 0.003000020980834961,
            "8_unzip": 0.003999948501586914,
            "9_copy": 0.0019996166229248047,
            "10_filter": 0.01050257682800293
        },
        "create_base_extracted_entities": {
            "overall": 0.22568249702453613,
            "0_entity_extract": 0.1991746425628662,
            "1_snapshot": 0.0055027008056640625,
            "2_merge_graphs": 0.010005950927734375,
            "3_snapshot_rows": 0.004999876022338867
        },
        "create_summarized_entities": {
            "overall": 0.0465085506439209,
            "0_summarize_descriptions": 0.03700590133666992,
            "1_snapshot_rows": 0.005502939224243164
        },
        "create_base_entity_graph": {
            "overall": 0.04062795639038086,
            "0_cluster_graph": 0.018507003784179688,
            "1_snapshot_rows": 0.006502389907836914,
            "2_snapshot_rows": 0.004999876022338867,
            "3_select": 0.0066187381744384766
        },
        "create_final_entities": {
            "overall": 0.2989349365234375,
            "0_unpack_graph": 0.007502079010009766,
            "1_rename": 0.006000041961669922,
            "2_select": 0.006502866744995117,
            "3_dedupe": 0.007000446319580078,
            "4_rename": 0.006502389907836914,
            "5_filter": 0.01566147804260254,
            "6_text_split": 0.008005380630493164,
            "7_drop": 0.006938457489013672,
            "8_merge": 0.015007734298706055,
            "9_text_embed": 0.18420004844665527,
            "10_drop": 0.010505199432373047,
            "11_filter": 0.01910877227783203
        },
        "create_final_nodes": {
            "overall": 0.16636443138122559,
            "0_layout_graph": 0.01850295066833496,
            "1_unpack_graph": 0.01050424575805664,
            "2_unpack_graph": 0.012000083923339844,
            "3_drop": 0.008504390716552734,
            "4_filter": 0.021503686904907227,
            "5_select": 0.009502887725830078,
            "6_snapshot": 0.010999679565429688,
            "7_rename": 0.009162425994873047,
            "8_join": 0.01334071159362793,
            "9_convert": 0.033521175384521484,
            "10_rename": 0.010318994522094727
        },
        "create_final_communities": {
            "overall": 0.22217822074890137,
            "0_unpack_graph": 0.01242828369140625,
            "1_unpack_graph": 0.0135040283203125,
            "2_aggregate_override": 0.01207590103149414,
            "3_join": 0.015008211135864258,
            "4_join": 0.014503002166748047,
            "5_concat": 0.011503219604492188,
            "6_filter": 0.02540302276611328,
            "7_aggregate_override": 0.013046741485595703,
            "8_join": 0.015005826950073242,
            "9_filter": 0.026507854461669922,
            "10_fill": 0.01350259780883789,
            "11_merge": 0.012505292892456055,
            "12_copy": 0.013503789901733398,
            "13_select": 0.013503074645996094
        },
        "join_text_units_to_entity_ids": {
            "overall": 0.05601334571838379,
            "0_select": 0.013503313064575195,
            "1_unroll": 0.014000177383422852,
            "2_aggregate_override": 0.015004396438598633
        },
        "create_final_relationships": {
            "overall": 0.18423819541931152,
            "0_unpack_graph": 0.017151594161987305,
            "1_filter": 0.030508756637573242,
            "2_rename": 0.013519048690795898,
            "3_filter": 0.03150582313537598,
            "4_drop": 0.014502763748168945,
            "5_compute_edge_combined_degree": 0.016502857208251953,
            "6_convert": 0.03151249885559082,
            "7_convert": 0.015532732009887695
        },
        "join_text_units_to_relationship_ids": {
            "overall": 0.08013248443603516,
            "0_select": 0.015525102615356445,
            "1_unroll": 0.016002416610717773,
            "2_aggregate_override": 0.01659393310546875,
            "3_select": 0.015507936477661133
        },
        "create_final_community_reports": {
            "overall": 45.208367347717285,
            "0_prepare_community_reports_nodes": 0.017177104949951172,
            "1_prepare_community_reports_edges": 0.016690731048583984,
            "2_restore_community_hierarchy": 0.0187070369720459,
            "3_prepare_community_reports": 0.03368949890136719,
            "4_create_community_reports": 45.09040141105652,
            "5_window": 0.01719975471496582
        },
        "create_final_text_units": {
            "overall": 0.14292645454406738,
            "0_select": 0.017659664154052734,
            "1_rename": 0.01704716682434082,
            "2_join": 0.020555734634399414,
            "3_join": 0.02008652687072754,
            "4_aggregate_override": 0.019121646881103516,
            "5_select": 0.03233075141906738
        },
        "create_base_documents": {
            "overall": 0.21744561195373535,
            "0_unroll": 0.02000570297241211,
            "1_select": 0.018502235412597656,
            "2_rename": 0.01850295066833496,
            "3_join": 0.021004915237426758,
            "4_aggregate_override": 0.019673585891723633,
            "5_join": 0.02273082733154297,
            "6_rename": 0.01849961280822754,
            "7_convert": 0.06002378463745117
        },
        "create_final_documents": {
            "overall": 0.04628181457519531,
            "0_rename": 0.021778345108032227
        }
    }
}