{
    "total_runtime": 166.54137659072876,
    "num_documents": 4,
    "input_load_time": 0,
    "workflows": {
        "create_base_text_units": {
            "overall": 0.22606754302978516,
            "0_orderby": 0.004414081573486328,
            "1_zip": 0.002035379409790039,
            "2_aggregate_override": 0.005173921585083008,
            "3_chunk": 0.144819974899292,
            "4_select": 0.0046062469482421875,
            "5_unroll": 0.0051114559173583984,
            "6_rename": 0.0030007362365722656,
            "7_genid": 0.0035033226013183594,
            "8_unzip": 0.0039997100830078125,
            "9_copy": 0.0030002593994140625,
            "10_filter": 0.04493284225463867
        },
        "create_base_extracted_entities": {
            "overall": 99.94273829460144,
            "0_entity_extract": 99.8640706539154,
            "1_snapshot": 0.05568647384643555,
            "2_merge_graphs": 0.013477563858032227,
            "3_snapshot_rows": 0.00500035285949707
        },
        "create_summarized_entities": {
            "overall": 7.815537452697754,
            "0_summarize_descriptions": 7.804982662200928,
            "1_snapshot_rows": 0.006556987762451172
        },
        "create_base_entity_graph": {
            "overall": 0.062056541442871094,
            "0_cluster_graph": 0.040056467056274414,
            "1_snapshot_rows": 0.006000041961669922,
            "2_snapshot_rows": 0.007060050964355469,
            "3_select": 0.0049397945404052734
        },
        "create_final_entities": {
            "overall": 1.8200225830078125,
            "0_unpack_graph": 0.00800180435180664,
            "1_rename": 0.006000041961669922,
            "2_select": 0.0070018768310546875,
            "3_dedupe": 0.006504058837890625,
            "4_rename": 0.00751495361328125,
            "5_filter": 0.015503883361816406,
            "6_text_split": 0.007502079010009766,
            "7_drop": 0.007002115249633789,
            "8_merge": 0.016000032424926758,
            "9_text_embed": 1.7037222385406494,
            "10_drop": 0.011525630950927734,
            "11_filter": 0.01824164390563965
        },
        "create_final_nodes": {
            "overall": 0.19154787063598633,
            "0_layout_graph": 0.03206658363342285,
            "1_unpack_graph": 0.01541900634765625,
            "2_unpack_graph": 0.010502338409423828,
            "3_drop": 0.009000062942504883,
            "4_filter": 0.020543336868286133,
            "5_select": 0.008502483367919922,
            "6_snapshot": 0.009502649307250977,
            "7_rename": 0.009502887725830078,
            "8_convert": 0.04250359535217285,
            "9_join": 0.0155029296875,
            "10_rename": 0.010502338409423828
        },
        "create_final_communities": {
            "overall": 0.21903085708618164,
            "0_unpack_graph": 0.012502193450927734,
            "1_unpack_graph": 0.011502742767333984,
            "2_aggregate_override": 0.01279306411743164,
            "3_join": 0.015688419342041016,
            "4_join": 0.014000177383422852,
            "5_concat": 0.012003421783447266,
            "6_filter": 0.024503231048583984,
            "7_aggregate_override": 0.014000177383422852,
            "8_join": 0.013507366180419922,
            "9_filter": 0.026517391204833984,
            "10_fill": 0.01250600814819336,
            "11_merge": 0.014068365097045898,
            "12_copy": 0.012433528900146484,
            "13_select": 0.012502670288085938
        },
        "join_text_units_to_entity_ids": {
            "overall": 0.058270931243896484,
            "0_select": 0.013243436813354492,
            "1_unroll": 0.015020370483398438,
            "2_aggregate_override": 0.016505002975463867
        },
        "create_final_relationships": {
            "overall": 0.17584466934204102,
            "0_unpack_graph": 0.015502691268920898,
            "1_filter": 0.02900552749633789,
            "2_rename": 0.013661384582519531,
            "3_filter": 0.029511213302612305,
            "4_drop": 0.01414799690246582,
            "5_compute_edge_combined_degree": 0.017000436782836914,
            "6_convert": 0.029512882232666016,
            "7_convert": 0.013999462127685547
        },
        "join_text_units_to_relationship_ids": {
            "overall": 0.10198283195495605,
            "0_select": 0.025911331176757812,
            "1_unroll": 0.017559289932250977,
            "2_aggregate_override": 0.01699995994567871,
            "3_select": 0.016512632369995117
        },
        "create_final_community_reports": {
            "overall": 53.59423851966858,
            "0_prepare_community_reports_nodes": 0.017505168914794922,
            "1_prepare_community_reports_edges": 0.017502784729003906,
            "2_restore_community_hierarchy": 0.01800704002380371,
            "3_prepare_community_reports": 0.03613853454589844,
            "4_create_community_reports": 53.472267866134644,
            "5_window": 0.017506837844848633
        },
        "create_final_text_units": {
            "overall": 0.1496741771697998,
            "0_select": 0.016608715057373047,
            "1_rename": 0.01818108558654785,
            "2_join": 0.02106332778930664,
            "3_join": 0.03744149208068848,
            "4_aggregate_override": 0.02028346061706543,
            "5_select": 0.019332408905029297
        },
        "create_base_documents": {
            "overall": 0.2228701114654541,
            "0_unroll": 0.019617557525634766,
            "1_select": 0.018579959869384766,
            "2_rename": 0.019007444381713867,
            "3_join": 0.022505998611450195,
            "4_aggregate_override": 0.019504070281982422,
            "5_join": 0.026012182235717773,
            "6_rename": 0.020052433013916016,
            "7_convert": 0.05890774726867676
        },
        "create_final_documents": {
            "overall": 0.03912806510925293,
            "0_rename": 0.020004749298095703
        }
    }
}