{
    "total_runtime": 22605.162158966064,
    "num_documents": 640,
    "input_load_time": 0,
    "workflows": {
        "create_base_text_units": {
            "overall": 0.8188185691833496,
            "0_orderby": 0.0020020008087158203,
            "1_zip": 0.0029997825622558594,
            "2_aggregate_override": 0.00850367546081543,
            "3_chunk": 0.6974451541900635,
            "4_select": 0.002999544143676758,
            "5_unroll": 0.00500035285949707,
            "6_rename": 0.003000020980834961,
            "7_genid": 0.05127882957458496,
            "8_unzip": 0.00563502311706543,
            "9_copy": 0.003934383392333984,
            "10_filter": 0.034517765045166016
        },
        "create_base_extracted_entities": {
            "overall": 10764.45682835579,
            "0_entity_extract": 10763.079572677612,
            "1_snapshot": 0.13978338241577148,
            "2_merge_graphs": 1.215287685394287,
            "3_snapshot_rows": 0.01768207550048828
        },
        "create_summarized_entities": {
            "overall": 2325.2366333007812,
            "0_summarize_descriptions": 2325.197991371155,
            "1_snapshot_rows": 0.03413867950439453
        },
        "create_base_entity_graph": {
            "overall": 5.421499490737915,
            "0_cluster_graph": 5.309518814086914,
            "1_snapshot_rows": 0.0568695068359375,
            "2_snapshot_rows": 0.04410743713378906,
            "3_select": 0.005999565124511719
        },
        "create_final_entities": {
            "overall": 112.62084317207336,
            "0_unpack_graph": 2.2577905654907227,
            "1_rename": 0.009448766708374023,
            "2_select": 0.009505271911621094,
            "3_dedupe": 0.00899958610534668,
            "4_rename": 0.006999492645263672,
            "5_filter": 0.07387065887451172,
            "6_text_split": 0.08652281761169434,
            "7_drop": 0.009000062942504883,
            "8_merge": 0.8839192390441895,
            "9_text_embed": 109.1793520450592,
            "10_drop": 0.015101194381713867,
            "11_filter": 0.07433390617370605
        },
        "create_final_nodes": {
            "overall": 14.223539590835571,
            "0_layout_graph": 8.194639205932617,
            "1_unpack_graph": 2.8161208629608154,
            "2_unpack_graph": 2.765617609024048,
            "3_filter": 0.2775845527648926,
            "4_drop": 0.01400613784790039,
            "5_select": 0.009501457214355469,
            "6_snapshot": 0.016865015029907227,
            "7_rename": 0.00993490219116211,
            "8_convert": 0.04274439811706543,
            "9_join": 0.04951953887939453,
            "10_rename": 0.019003868103027344
        },
        "create_final_communities": {
            "overall": 8.99747896194458,
            "0_unpack_graph": 2.409010410308838,
            "1_unpack_graph": 2.394045352935791,
            "2_aggregate_override": 0.021028518676757812,
            "3_join": 0.20662260055541992,
            "4_join": 0.18085503578186035,
            "5_concat": 0.03251981735229492,
            "6_filter": 3.3160736560821533,
            "7_aggregate_override": 0.16025924682617188,
            "8_join": 0.0155029296875,
            "9_filter": 0.05115222930908203,
            "10_fill": 0.011568307876586914,
            "11_merge": 0.15433216094970703,
            "12_copy": 0.013503789901733398,
            "13_select": 0.01399993896484375
        },
        "join_text_units_to_entity_ids": {
            "overall": 0.12236642837524414,
            "0_select": 0.013453960418701172,
            "1_unroll": 0.018277406692504883,
            "2_aggregate_override": 0.07903814315795898
        },
        "create_final_relationships": {
            "overall": 3.018096446990967,
            "0_unpack_graph": 2.320458173751831,
            "1_filter": 0.29831695556640625,
            "2_rename": 0.016528606414794922,
            "3_filter": 0.275191068649292,
            "4_drop": 0.016503334045410156,
            "5_compute_edge_combined_degree": 0.025575637817382812,
            "6_convert": 0.031516075134277344,
            "7_convert": 0.020004987716674805
        },
        "join_text_units_to_relationship_ids": {
            "overall": 0.13724589347839355,
            "0_select": 0.016011953353881836,
            "1_unroll": 0.020502328872680664,
            "2_aggregate_override": 0.06950950622558594,
            "3_select": 0.016502857208251953
        },
        "create_final_community_reports": {
            "overall": 9365.860260009766,
            "0_prepare_community_reports_nodes": 0.3291313648223877,
            "1_prepare_community_reports_edges": 0.09668302536010742,
            "2_restore_community_hierarchy": 0.2398056983947754,
            "3_prepare_community_reports": 3.7251851558685303,
            "4_create_community_reports": 9361.428996801376,
            "5_window": 0.01984858512878418
        },
        "create_final_text_units": {
            "overall": 0.1377880573272705,
            "0_select": 0.01763749122619629,
            "1_rename": 0.01733851432800293,
            "2_join": 0.023006200790405273,
            "3_join": 0.02200627326965332,
            "4_aggregate_override": 0.022217750549316406,
            "5_select": 0.019005298614501953
        },
        "create_base_documents": {
            "overall": 0.2327425479888916,
            "0_unroll": 0.0216372013092041,
            "1_select": 0.021291732788085938,
            "2_rename": 0.018603801727294922,
            "3_join": 0.024138212203979492,
            "4_aggregate_override": 0.027435779571533203,
            "5_join": 0.02281928062438965,
            "6_rename": 0.018656015396118164,
            "7_convert": 0.060530662536621094
        },
        "create_final_documents": {
            "overall": 0.03877592086791992,
            "0_rename": 0.019618511199951172
        }
    }
}