{
    "total_runtime": 4172.772532701492,
    "num_documents": 640,
    "input_load_time": 0,
    "workflows": {
        "create_base_text_units": {
            "overall": 0.6883552074432373,
            "0_orderby": 0.0019931793212890625,
            "1_zip": 0.002990245819091797,
            "2_aggregate_override": 0.006165742874145508,
            "3_chunk": 0.5859317779541016,
            "4_select": 0.001992940902709961,
            "5_unroll": 0.005488872528076172,
            "6_rename": 0.0023505687713623047,
            "7_genid": 0.04248642921447754,
            "8_unzip": 0.0039882659912109375,
            "9_copy": 0.0035462379455566406,
            "10_filter": 0.03042435646057129
        },
        "create_base_extracted_entities": {
            "overall": 7.301945209503174,
            "0_entity_extract": 6.158905267715454,
            "1_snapshot": 0.14340591430664062,
            "2_merge_graphs": 0.9846317768096924,
            "3_snapshot_rows": 0.012012243270874023
        },
        "create_summarized_entities": {
            "overall": 11.938097476959229,
            "0_summarize_descriptions": 11.912709474563599,
            "1_snapshot_rows": 0.021128416061401367
        },
        "create_base_entity_graph": {
            "overall": 5.1944849491119385,
            "0_cluster_graph": 5.082628011703491,
            "1_snapshot_rows": 0.05405449867248535,
            "2_snapshot_rows": 0.04332852363586426,
            "3_select": 0.008491754531860352
        },
        "create_final_entities": {
            "overall": 7.1890342235565186,
            "0_unpack_graph": 2.0222272872924805,
            "1_rename": 0.0074846744537353516,
            "2_select": 0.007490396499633789,
            "3_dedupe": 0.00947713851928711,
            "4_rename": 0.004982948303222656,
            "5_filter": 0.06293249130249023,
            "6_text_split": 0.054978132247924805,
            "7_drop": 0.006494760513305664,
            "8_merge": 0.6498932838439941,
            "9_text_embed": 4.286330461502075,
            "10_drop": 0.007558345794677734,
            "11_filter": 0.06419920921325684
        },
        "create_final_nodes": {
            "overall": 14.071155071258545,
            "0_layout_graph": 7.75377345085144,
            "1_unpack_graph": 2.9333300590515137,
            "2_unpack_graph": 2.964055299758911,
            "3_filter": 0.2691943645477295,
            "4_drop": 0.010957479476928711,
            "5_select": 0.007937431335449219,
            "6_snapshot": 0.01296687126159668,
            "7_rename": 0.007982015609741211,
            "8_join": 0.057956695556640625,
            "9_convert": 0.025429725646972656,
            "10_rename": 0.020554542541503906
        },
        "create_final_communities": {
            "overall": 8.585237979888916,
            "0_unpack_graph": 2.5010478496551514,
            "1_unpack_graph": 2.741374969482422,
            "2_aggregate_override": 0.01495218276977539,
            "3_join": 0.19947052001953125,
            "4_join": 0.21514296531677246,
            "5_concat": 0.029190778732299805,
            "6_filter": 2.5132174491882324,
            "7_aggregate_override": 0.15001630783081055,
            "8_join": 0.012466192245483398,
            "9_filter": 0.044440269470214844,
            "10_fill": 0.010474205017089844,
            "11_merge": 0.12000370025634766,
            "12_copy": 0.009486913681030273,
            "13_select": 0.009477853775024414
        },
        "join_text_units_to_entity_ids": {
            "overall": 0.09516763687133789,
            "0_select": 0.009485721588134766,
            "1_unroll": 0.014462709426879883,
            "2_aggregate_override": 0.062233686447143555
        },
        "create_final_relationships": {
            "overall": 2.8152308464050293,
            "0_unpack_graph": 2.2270734310150146,
            "1_filter": 0.236342191696167,
            "2_rename": 0.012621641159057617,
            "3_filter": 0.2450428009033203,
            "4_drop": 0.011976003646850586,
            "5_compute_edge_combined_degree": 0.021976232528686523,
            "6_convert": 0.03472781181335449,
            "7_convert": 0.014480829238891602
        },
        "join_text_units_to_relationship_ids": {
            "overall": 0.11929202079772949,
            "0_select": 0.02192401885986328,
            "1_unroll": 0.016530752182006836,
            "2_aggregate_override": 0.05837607383728027,
            "3_select": 0.011816740036010742
        },
        "create_final_community_reports": {
            "overall": 4109.045080661774,
            "0_prepare_community_reports_nodes": 0.19894051551818848,
            "1_prepare_community_reports_edges": 0.06113409996032715,
            "2_restore_community_hierarchy": 0.2077498435974121,
            "3_prepare_community_reports": 3.19386887550354,
            "4_create_community_reports": 4105.338934183121,
            "5_window": 0.02591419219970703
        },
        "create_final_text_units": {
            "overall": 0.1851799488067627,
            "0_select": 0.025252580642700195,
            "1_rename": 0.022922039031982422,
            "2_join": 0.03289055824279785,
            "3_join": 0.034184932708740234,
            "4_aggregate_override": 0.031864166259765625,
            "5_select": 0.024914264678955078
        },
        "create_base_documents": {
            "overall": 0.3146018981933594,
            "0_unroll": 0.02989959716796875,
            "1_select": 0.025943756103515625,
            "2_rename": 0.025884151458740234,
            "3_join": 0.03191828727722168,
            "4_aggregate_override": 0.03787088394165039,
            "5_join": 0.03186988830566406,
            "6_rename": 0.025943279266357422,
            "7_convert": 0.08135199546813965
        },
        "create_final_documents": {
            "overall": 0.052823543548583984,
            "0_rename": 0.02687811851501465
        }
    }
}